n,rmse,precision,recall,accuracy
35,0.6347994787064598,0.8241666666666668,0.8166665381645715,0.7968452380952381
